player_id,team,secondsPlayed,points,twoPointsMade,twoPointAttempts,threePointsMade,threePointAttempts,freeThrowsMade,freeThrowAttempts,fieldGoalsMade,fieldGoalAttempts,rebounds,defensiveRebounds,offensiveRebounds,turnovers,blocks,personalFouls,assists,steals,fieldGoalsPercentage,freeThrowsPercentage,threePointsPercentage,twoPointsPercentage
940810,Philadelphia 76ers,46106,323,69,117,48,124,41,62,117,241,225,167,58,30,43,105,46,13,48.55,66.13,38.71,58.97
987343,Utah Jazz,78793,698,199,410,58,203,126,168,257,613,210,169,41,126,29,108,246,41,41.92,75.0,28.57,48.54
1178085,Oklahoma City Thunder,136530,1056,341,589,73,205,155,191,414,794,337,253,84,123,35,191,248,103,52.14,81.15,35.61,57.89
940756,Portland Trail Blazers,49415,279,127,169,0,1,25,41,127,170,292,188,104,34,48,68,50,22,74.71,60.98,,75.15
1092901,Detroit Pistons,84840,567,128,236,67,205,110,149,195,441,403,288,115,68,34,133,70,20,44.22,73.83,32.68,54.24
1092867,Phoenix Suns,21512,125,59,72,0,0,7,20,59,72,119,88,31,18,15,34,11,6,81.94,35.0,,81.94
817136,Philadelphia 76ers,40860,320,125,203,0,6,70,101,125,209,159,92,67,35,25,75,33,17,59.81,69.31,,61.58
940774,Phoenix Suns,81029,529,96,217,66,197,139,192,162,414,251,142,109,63,34,114,105,56,39.13,72.4,33.5,44.24
817229,Los Angeles Clippers,104857,1239,342,621,104,250,243,279,446,871,338,281,57,88,28,84,204,72,51.21,87.1,41.6,55.07
885224,Charlotte Hornets,36448,135,31,65,17,67,22,33,48,132,62,55,7,29,7,65,58,16,36.36,66.67,25.37,47.69
988678,Phoenix Suns,58561,359,76,145,58,158,33,46,134,303,141,114,27,36,20,66,50,20,44.22,71.74,36.71,52.41
817180,Denver Nuggets,99414,693,167,352,96,288,71,78,263,640,144,119,25,115,6,114,233,47,41.09,91.03,33.33,47.44
885252,Cleveland Cavaliers,145938,1922,434,767,245,635,319,368,679,1402,289,226,63,180,27,168,301,99,48.43,86.68,38.58,56.58
817069,Chicago Bulls,50961,399,166,271,0,3,67,125,166,274,444,306,138,75,27,117,33,45,60.58,53.6,,61.25
817307,Philadelphia 76ers,92852,972,245,480,108,339,158,208,353,819,249,184,65,64,18,141,54,68,43.1,75.96,31.86,51.04
1181226,Minnesota Timberwolves,9159,42,16,26,2,17,4,5,18,43,18,14,4,8,5,13,18,8,41.86,80.0,11.76,61.54
885216,Miami Heat,64888,579,204,310,26,59,93,126,230,369,339,253,86,38,30,102,31,16,62.33,73.81,44.07,65.81
940777,Minnesota Timberwolves,94037,637,185,355,56,148,99,116,241,503,191,152,39,94,13,123,240,25,47.91,85.34,37.84,52.11
1178811,Indiana Pacers,,,,,,,,,,,,,,,,,,,,,,
817119,Portland Trail Blazers,134732,1290,290,554,144,359,278,342,434,913,283,230,53,116,53,152,150,51,47.54,81.29,40.11,52.35
1132134,Golden State Warriors,49027,302,59,92,49,135,37,53,108,227,105,77,28,34,7,54,51,18,47.58,69.81,36.3,64.13
817054,Los Angeles Lakers,114269,1451,523,888,19,74,348,444,542,962,702,507,195,122,114,146,148,59,56.34,78.38,25.68,58.9
885222,Cleveland Cavaliers,133203,969,402,616,1,10,162,221,403,626,666,445,221,93,84,153,113,54,64.38,73.3,10.0,65.26
817205,Denver Nuggets,35151,199,87,114,1,1,22,48,88,115,202,150,52,48,23,71,34,12,76.52,45.83,100.0,76.32
1458572,Boston Celtics,,,,,,,,,,,,,,,,,,,,,,
817111,Minnesota Timberwolves,128907,939,360,543,0,3,219,340,360,546,814,583,231,122,95,210,87,56,65.93,64.41,,66.3
1179400,Oklahoma City Thunder,,,,,,,,,,,,,,,,,,,,,,
905844,Toronto Raptors,91405,712,199,340,62,189,128,168,261,529,421,264,157,41,64,143,29,47,49.34,76.19,32.8,58.53
987613,Charlotte Hornets,142774,1144,285,550,149,428,127,174,434,978,358,285,73,110,79,193,175,66,44.38,72.99,34.81,51.82
998725,San Antonio Spurs,,,,,,,,,,,,,,,,,,,,,,
885250,Toronto Raptors,143138,1124,279,518,142,367,140,167,421,885,332,237,95,132,50,200,131,128,47.57,83.83,38.69,53.86
1430972,Indiana Pacers,,,,,,,,,,,,,,,,,,,,,,
846926,New Orleans Pelicans,92292,1112,340,671,64,164,240,272,404,835,246,223,23,148,19,116,262,32,48.38,88.24,39.02,50.67
940809,Phoenix Suns,87147,647,180,323,56,142,119,150,236,465,248,183,65,56,20,63,103,46,50.75,79.33,39.44,55.73
817074,Phoenix Suns,100303,1366,390,632,93,230,307,334,483,862,313,296,17,156,67,99,235,34,56.03,91.92,40.43,61.71
940800,Orlando Magic,101375,868,242,388,80,225,144,195,322,613,497,377,120,106,33,159,132,30,52.53,73.85,35.56,62.37
817332,Los Angeles Clippers,94025,1019,226,423,114,287,225,277,340,710,175,151,24,101,18,125,109,50,47.89,81.23,39.72,53.43
817353,Charlotte Hornets,133259,1329,328,683,165,505,178,220,493,1188,259,208,51,134,16,119,319,74,41.5,80.91,32.67,48.02
940789,Houston Rockets,50713,247,56,132,36,88,27,32,92,220,74,49,25,36,12,79,89,37,41.82,84.38,40.91,42.42
1178910,Washington Wizards,3724,23,4,11,3,9,6,6,7,20,12,9,3,16,1,10,6,1,35.0,100.0,33.33,36.36
1133771,New York Knicks,45601,222,37,81,40,134,28,42,77,215,50,37,13,25,8,60,72,37,35.81,66.67,29.85,45.68
1133784,Toronto Raptors,160672,1179,400,792,63,224,190,246,463,1016,512,333,179,154,61,170,371,83,45.57,77.24,28.12,50.51
1206073,Milwaukee Bucks,42079,266,49,101,47,142,27,37,96,243,115,77,38,45,7,71,35,21,39.51,72.97,33.1,48.51
817044,Philadelphia 76ers,46713,288,48,93,54,136,30,40,102,229,166,135,31,32,33,86,57,38,44.54,75.0,39.71,51.61
817235,Golden State Warriors,117452,578,242,383,0,1,94,155,242,384,760,486,274,45,50,225,207,52,63.02,60.65,,63.19
1133811,Los Angeles Clippers,65132,659,111,256,117,315,86,102,228,571,135,115,20,82,15,96,172,39,39.93,84.31,37.14,43.36
817122,Golden State Warriors,137849,617,210,343,40,131,77,108,250,474,525,459,66,204,60,229,500,74,52.74,71.3,30.53,61.22
817109,Washington Wizards,28829,168,57,101,8,24,30,42,65,125,93,61,32,26,12,84,34,15,52.0,71.43,33.33,56.44
940785,Memphis Grizzlies,107248,1173,316,540,100,282,241,306,416,822,426,318,108,107,189,227,60,65,50.61,78.76,35.46,58.52
816958,Minnesota Timberwolves,117391,647,209,390,43,105,100,136,252,495,368,302,66,103,63,146,335,78,50.91,73.53,40.95,53.59
1178696,Houston Rockets,106028,760,237,488,59,172,109,145,296,660,496,301,195,101,47,189,88,96,44.85,75.17,34.3,48.57
1178822,Portland Trail Blazers,106714,789,204,365,102,283,75,105,306,648,236,173,63,83,24,136,94,38,47.22,71.43,36.04,55.89
1179642,Los Angeles Clippers,,,,,,,,,,,,,,,,,,,,,,
817375,Memphis Grizzlies,117391,703,135,260,115,342,88,118,250,602,191,145,46,143,23,172,382,93,41.53,74.58,33.63,51.92
940807,Brooklyn Nets,177782,1671,424,825,169,442,316,353,593,1267,364,285,79,127,61,159,273,91,46.8,89.52,38.24,51.39
817115,Phoenix Suns,117924,856,159,297,132,356,142,173,291,653,134,118,16,104,25,78,183,43,44.56,82.08,37.08,53.54
1093316,New Orleans Pelicans,107515,698,181,353,66,218,138,175,247,571,279,231,48,97,14,113,189,54,43.26,78.86,30.28,51.27
817412,Los Angeles Clippers,115204,266,41,85,55,140,19,23,96,225,295,200,95,44,15,180,60,39,42.67,82.61,39.29,48.24
972549,Miami Heat,58158,236,56,107,37,109,13,28,93,216,188,131,57,45,17,82,43,36,43.06,46.43,33.94,52.34
846971,Toronto Raptors,159106,1720,537,1026,93,287,367,474,630,1313,556,425,131,169,36,228,415,65,47.98,77.43,32.4,52.34
988300,Atlanta Hawks,127541,1029,279,536,100,286,171,207,379,822,284,238,46,82,17,199,94,35,46.11,82.61,34.97,52.05
940812,Portland Trail Blazers,122127,1203,515,863,7,24,152,200,522,887,667,495,172,120,53,190,115,37,58.85,76.0,29.17,59.68
1133924,Washington Wizards,38724,278,76,139,25,89,51,75,101,228,111,68,43,34,3,91,28,28,44.3,68.0,28.09,54.68
1092952,Phoenix Suns,22409,151,38,91,11,30,42,57,49,121,45,32,13,24,1,32,67,19,40.5,73.68,36.67,41.76
1206071,Portland Trail Blazers,,,,,,,,,,,,,,,,,,,,,,
1178858,Memphis Grizzlies,6274,30,8,12,4,28,2,2,12,40,15,11,4,5,2,12,4,6,30.0,100.0,14.29,66.67
940767,Portland Trail Blazers,130237,1306,255,483,212,562,160,179,467,1045,161,143,18,128,14,142,253,42,44.69,89.39,37.72,52.8
1178033,Memphis Grizzlies,75501,466,115,208,65,212,41,65,180,420,193,143,50,57,19,107,59,29,42.86,63.08,30.66,55.29
940794,Oklahoma City Thunder,144962,2135,646,1213,58,168,669,739,704,1381,329,270,59,192,65,192,371,112,50.98,90.53,34.52,53.26
1178134,Cleveland Cavaliers,5054,31,9,20,3,8,4,4,12,28,20,16,4,1,3,8,3,4,42.86,100.0,37.5,45.0
817258,Sacramento Kings,21274,186,78,120,2,5,24,41,80,125,107,77,30,36,26,54,11,4,64.0,58.54,40.0,65.0
1133907,San Antonio Spurs,30472,199,84,127,3,8,22,37,87,135,193,118,75,41,33,74,47,16,64.44,59.46,37.5,66.14
1133928,Chicago Bulls,15805,89,34,56,5,19,6,11,39,75,47,20,27,9,6,26,10,3,52.0,54.55,26.32,60.71
816961,Milwaukee Bucks,12368,51,20,38,0,8,11,22,20,46,44,29,15,12,3,22,15,3,43.48,50.0,,52.63
1181319,Chicago Bulls,12832,85,25,45,7,27,14,21,32,72,37,25,12,8,5,24,22,11,44.44,66.67,25.93,55.56
940758,Brooklyn Nets,77820,654,145,278,91,249,91,106,236,527,109,95,14,46,17,71,64,30,44.78,85.85,36.55,52.16
940769,Utah Jazz,68706,685,189,346,48,122,163,199,237,468,105,68,37,85,6,112,138,27,50.64,81.91,39.34,54.62
817361,Toronto Raptors,119156,830,196,425,74,225,216,252,270,650,165,144,21,112,10,145,298,50,41.54,85.71,32.89,46.12
846931,Portland Trail Blazers,104626,1000,222,435,132,297,160,184,354,732,280,238,42,98,18,109,248,45,48.36,86.96,44.44,51.03
817133,Los Angeles Clippers,128100,1216,210,424,161,418,313,361,371,842,354,314,40,195,31,112,618,71,44.06,86.7,38.52,49.53
817038,Minnesota Timberwolves,121698,798,126,259,135,351,141,169,261,610,182,149,33,103,14,139,450,73,42.79,83.43,38.46,48.65
1133911,Chicago Bulls,125852,687,222,381,59,189,66,82,281,570,220,175,45,99,26,182,206,62,49.3,80.49,31.22,58.27
1179838,Detroit Pistons,100211,612,258,396,0,2,96,157,258,398,595,366,229,92,59,182,75,44,64.82,61.15,,65.15
1134020,Charlotte Hornets,58124,262,56,115,39,123,33,47,95,238,152,116,36,44,23,66,36,22,39.92,70.21,31.71,48.7
1133800,Brooklyn Nets,70897,459,156,259,25,64,72,100,181,323,238,196,42,71,12,118,130,32,56.04,72.0,39.06,60.23
1000618,Minnesota Timberwolves,75056,781,235,360,75,217,86,127,310,577,333,260,73,92,53,176,77,42,53.73,67.72,34.56,65.28
816989,Philadelphia 76ers,108987,415,64,121,80,239,47,65,144,360,247,203,44,60,41,187,194,63,40.0,72.31,33.47,52.89
817351,Memphis Grizzlies,20272,152,42,96,19,63,11,12,61,159,40,32,8,22,5,18,46,7,38.36,91.67,30.16,43.75
817357,Los Angeles Lakers,138246,1263,251,458,194,490,179,216,445,948,215,180,35,186,29,140,437,70,46.94,82.87,39.59,54.8
846898,Boston Celtics,144296,1784,516,896,163,487,263,344,679,1383,459,381,78,197,26,172,232,75,49.1,76.45,33.47,57.59
989078,Atlanta Hawks,24308,153,59,108,0,4,35,50,59,112,137,83,54,25,34,74,31,6,52.68,70.0,,54.63
1092873,Memphis Grizzlies,70803,429,184,291,4,15,49,89,188,306,307,186,121,44,29,97,96,58,61.44,55.06,26.67,63.23
817317,Milwaukee Bucks,58102,493,120,268,68,185,49,64,188,453,106,94,12,81,8,88,214,33,41.5,76.56,36.76,44.78
1181314,Toronto Raptors,48112,182,71,138,1,12,37,59,72,150,171,87,84,20,57,128,31,21,48.0,62.71,8.33,51.45
817022,Atlanta Hawks,103811,779,350,535,0,1,79,131,350,536,717,459,258,54,79,139,58,45,65.3,60.31,,65.42
1181229,Charlotte Hornets,49679,387,160,251,0,0,67,97,160,251,304,211,93,40,45,94,18,28,63.75,69.07,,63.75
989085,Portland Trail Blazers,72016,293,56,105,54,148,19,28,110,253,140,100,40,24,32,113,53,83,43.48,67.86,36.49,53.33
817423,Chicago Bulls,164771,1447,476,801,121,347,132,158,597,1148,903,744,159,139,57,179,265,60,52.0,83.54,34.87,59.43
1179602,New Orleans Pelicans,,,,,,,,,,,,,,,,,,,,,,
1133854,Detroit Pistons,24011,239,76,163,17,61,36,43,93,224,74,62,12,39,7,34,72,10,41.52,83.72,27.87,46.63
817236,Milwaukee Bucks,142350,1239,341,535,136,364,149,190,477,899,520,363,157,107,193,203,99,37,53.06,78.42,37.36,63.74
988788,Los Angeles Lakers,87965,707,233,424,51,160,88,119,284,584,283,230,53,53,26,72,58,19,48.63,73.95,31.88,54.95
1179062,Dallas Mavericks,,,,,,,,,,,,,,,,,,,,,,
987099,Phoenix Suns,90322,634,231,365,30,113,82,108,261,478,405,336,69,112,85,92,69,30,54.6,75.93,26.55,63.29
1507964,Detroit Pistons,,,,,,,,,,,,,,,,,,,,,,
1387556,San Antonio Spurs,24454,110,46,82,0,4,18,25,46,86,102,56,46,15,19,56,24,10,53.49,72.0,,56.1
1507963,Houston Rockets,,,,,,,,,,,,,,,,,,,,,,
817126,Houston Rockets,65466,437,130,224,30,104,87,117,160,328,144,106,38,46,17,99,69,18,48.78,74.36,28.85,58.04
1179467,San Antonio Spurs,40144,184,49,163,20,52,26,44,69,215,81,70,11,65,5,67,99,25,32.09,59.09,38.46,30.06
817414,Indiana Pacers,109509,1113,309,484,93,249,216,276,402,733,466,378,88,103,140,215,89,36,54.84,78.26,37.35,63.84
1092912,New York Knicks,140639,1209,251,482,168,454,203,248,419,936,337,279,58,100,14,166,279,80,44.76,81.85,37.0,52.07
990763,Miami Heat,124636,683,170,312,84,236,91,113,254,548,344,256,88,78,31,145,117,71,46.35,80.53,35.59,54.49
940779,Philadelphia 76ers,128987,780,120,248,157,403,69,87,277,651,312,243,69,102,41,191,197,126,42.55,79.31,38.96,48.39
1133919,New Orleans Pelicans,117032,649,179,334,56,167,123,161,235,501,269,172,97,88,42,208,162,103,46.91,76.4,33.53,53.59
885237,Orlando Magic,106681,837,322,592,27,87,112,143,349,679,234,165,69,139,26,131,341,87,51.4,78.32,31.03,54.39
1092948,New York Knicks,17445,139,38,59,8,22,39,57,46,81,56,34,22,21,6,41,13,10,56.79,68.42,36.36,64.41
817305,Houston Rockets,66334,449,90,191,70,212,59,79,160,403,128,112,16,87,12,99,146,57,39.7,74.68,33.02,47.12
885218,Miami Heat,155884,1529,601,1102,1,12,324,402,602,1114,688,504,184,187,61,208,240,88,54.04,80.6,8.33,54.54
1181233,Atlanta Hawks,84076,639,147,274,101,259,42,47,248,533,153,116,37,42,12,87,73,42,46.53,89.36,39.0,53.65
1179998,Boston Celtics,3942,19,6,12,2,7,1,2,8,19,9,7,2,4,2,5,11,2,42.11,50.0,28.57,50.0
1458358,Oklahoma City Thunder,,,,,,,,,,,,,,,,,,,,,,
1430916,Dallas Mavericks,,,,,,,,,,,,,,,,,,,,,,
817417,New Orleans Pelicans,118099,1115,408,707,38,109,185,224,446,816,804,579,225,159,52,245,140,20,54.66,82.59,34.86,57.71
987931,Los Angeles Lakers,59377,387,94,168,45,144,64,75,139,312,88,70,18,47,14,72,57,39,44.55,85.33,31.25,55.95
1133853,Utah Jazz,47169,372,132,240,21,89,45,60,153,329,71,51,20,60,15,59,73,33,46.5,75.0,23.6,55.0
855982,Golden State Warriors,22057,101,28,43,13,26,6,7,41,69,69,45,24,16,5,43,30,22,59.42,85.71,50.0,65.12
817244,Houston Rockets,10263,102,41,59,0,1,20,27,41,60,60,40,20,14,2,10,9,5,68.33,74.07,,69.49
817237,Milwaukee Bucks,17912,112,46,71,2,4,14,18,48,75,51,28,23,25,8,43,19,2,64.0,77.78,50.0,64.79
817160,Denver Nuggets,42363,205,31,61,46,143,5,8,77,204,55,50,5,22,19,68,41,19,37.75,62.5,32.17,50.82
1181394,Oklahoma City Thunder,,,,,,,,,,,,,,,,,,,,,,
1092929,Minnesota Timberwolves,170490,1946,494,963,213,578,319,422,707,1541,458,411,47,259,58,186,350,125,45.88,75.59,36.85,51.3
817232,Milwaukee Bucks,126395,1866,312,544,244,658,510,558,556,1202,277,233,44,191,18,109,425,50,46.26,91.4,37.08,57.35
817354,Cleveland Cavaliers,33965,171,40,96,21,82,28,35,61,178,70,61,9,31,6,51,115,26,34.27,80.0,25.61,41.67
905364,Golden State Warriors,58195,225,62,118,24,59,29,47,86,177,307,187,120,47,29,135,64,44,48.59,61.7,40.68,52.54
940793,San Antonio Spurs,80302,539,42,93,119,338,98,131,161,431,122,103,19,53,16,79,196,45,37.35,74.81,35.21,45.16
817288,New Orleans Pelicans,82868,441,172,263,14,42,55,79,186,305,354,248,106,42,37,133,119,56,60.98,69.62,33.33,65.4
855985,Dallas Mavericks,53599,319,88,150,27,80,62,84,115,230,153,93,60,25,37,86,34,29,50.0,73.81,33.75,58.67
817455,Los Angeles Lakers,104304,1114,291,490,105,279,217,281,396,769,491,404,87,121,72,169,121,30,51.5,77.22,37.63,59.39
846964,Atlanta Hawks,161601,1515,479,932,133,387,158,190,612,1319,389,336,53,160,19,106,448,112,46.4,83.16,34.37,51.39
1179607,San Antonio Spurs,92974,673,192,356,77,255,58,70,269,611,181,153,28,76,7,115,127,33,44.03,82.86,30.2,53.93
1182314,Miami Heat,25506,116,47,83,0,6,22,31,47,89,126,78,48,16,12,53,25,12,52.81,70.97,,56.63
846933,Utah Jazz,34052,290,99,180,17,36,41,53,116,216,100,91,9,35,10,58,124,25,53.7,77.36,47.22,55.0
1433947,Los Angeles Lakers,,,,,,,,,,,,,,,,,,,,,,
817328,Toronto Raptors,8780,44,9,13,6,17,8,8,15,30,19,13,6,4,0,7,8,11,50.0,100.0,35.29,69.23
1182725,Utah Jazz,72547,467,84,158,81,228,56,69,165,386,121,78,43,41,15,99,67,16,42.75,81.16,35.53,53.16
1181769,Los Angeles Lakers,,,,,,,,,,,,,,,,,,,,,,
817463,Toronto Raptors,47724,240,102,164,6,34,18,26,108,198,166,95,71,42,5,88,75,54,54.55,69.23,17.65,62.2
1092036,Atlanta Hawks,110915,791,313,484,4,13,153,196,317,497,576,359,217,81,107,251,81,56,63.78,78.06,30.77,64.67
989021,Oklahoma City Thunder,136341,1013,204,464,135,409,200,259,339,873,344,216,128,92,23,243,154,75,38.83,77.22,33.01,43.97
940805,Indiana Pacers,136770,923,267,487,91,254,116,153,358,741,328,265,63,123,51,190,268,87,48.31,75.82,35.83,54.83
1178030,Denver Nuggets,11167,75,23,45,6,14,11,20,29,59,37,29,8,8,11,14,11,2,49.15,55.0,42.86,51.11
1178819,Milwaukee Bucks,25963,145,39,80,19,80,10,18,58,160,45,43,2,14,2,29,47,15,36.25,55.56,23.75,48.75
1179506,Detroit Pistons,,,,,,,,,,,,,,,,,,,,,,
816938,Memphis Grizzlies,67997,361,157,262,0,1,47,129,157,263,485,271,214,79,46,98,97,36,59.7,36.43,,59.92
817437,Los Angeles Clippers,127551,1159,343,705,89,286,206,314,432,991,423,334,89,255,33,162,551,76,43.59,65.61,31.12,48.65
1132138,Boston Celtics,1721,12,6,9,0,0,0,2,6,9,11,6,5,1,2,7,1,0,66.67,,,66.67
1178370,Detroit Pistons,138260,1204,289,633,120,350,266,356,409,983,288,215,73,237,17,242,387,61,41.61,74.72,34.29,45.66
951089,Minnesota Timberwolves,40709,161,37,67,24,78,15,18,61,145,62,47,15,33,4,28,148,32,42.07,83.33,30.77,55.22
846919,Cleveland Cavaliers,28640,142,45,69,10,17,22,29,55,86,122,80,42,23,21,55,15,8,63.95,75.86,58.82,65.22
905908,Atlanta Hawks,90508,756,127,251,146,360,64,77,273,611,165,142,23,65,18,86,150,43,44.68,83.12,40.56,50.6
1206072,Dallas Mavericks,42503,420,83,177,63,156,65,79,146,333,89,78,11,46,7,64,65,17,43.84,82.28,40.38,46.89
846905,Indiana Pacers,148912,1344,187,361,288,677,106,129,475,1038,400,333,67,139,26,156,225,92,45.76,82.17,42.54,51.8
1179735,Portland Trail Blazers,,,,,,,,,,,,,,,,,,,,,,
1092884,Detroit Pistons,52034,450,185,319,4,20,68,97,189,339,267,194,73,51,27,108,30,7,55.75,70.1,20.0,57.99
989016,Charlotte Hornets,8023,35,11,22,3,14,4,7,14,36,24,16,8,2,1,13,11,4,38.89,57.14,21.43,50.0
1092863,Toronto Raptors,68429,508,167,296,29,108,87,124,196,404,328,228,100,59,30,102,50,31,48.51,70.16,26.85,56.42
1178443,Los Angeles Clippers,11729,59,23,45,1,2,10,16,24,47,50,19,31,9,8,15,4,7,51.06,62.5,50.0,51.11
987100,Los Angeles Lakers,36599,233,83,127,3,29,58,83,86,156,132,93,39,31,19,67,34,20,55.13,69.88,10.34,65.35
989026,Washington Wizards,96251,705,289,395,0,0,127,187,289,395,433,270,163,85,99,187,84,33,73.16,67.91,,73.16
1092940,Dallas Mavericks,92354,546,137,213,68,169,68,94,205,382,182,127,55,72,5,156,103,42,53.66,72.34,40.24,64.32
1133815,Oklahoma City Thunder,77840,479,138,241,48,122,59,71,186,363,210,142,68,55,15,110,80,39,51.24,83.1,39.34,57.26
846909,Brooklyn Nets,120526,551,82,163,114,338,45,59,196,501,316,202,114,62,36,144,100,55,39.12,76.27,33.73,50.31
1133157,Los Angeles Clippers,5601,28,6,14,3,12,7,9,9,26,13,11,2,11,2,8,18,1,34.62,77.78,25.0,42.86
1178425,Denver Nuggets,,,,,,,,,,,,,,,,,,,,,,
1092877,Indiana Pacers,63025,497,102,172,85,247,38,47,187,419,187,158,29,38,12,68,66,23,44.63,80.85,34.41,59.3
988994,Minnesota Timberwolves,53014,363,70,136,61,159,40,60,131,295,101,86,15,55,21,88,108,32,44.41,66.67,38.36,51.47
817163,Dallas Mavericks,20855,130,50,81,5,8,15,19,55,89,80,51,29,14,11,50,9,3,61.8,78.95,62.5,61.73
817081,Philadelphia 76ers,137049,2183,662,1128,66,200,661,771,728,1328,670,557,113,226,112,205,274,66,54.82,85.73,33.0,58.69
1181310,Atlanta Hawks,,,,,,,,,,,,,,,,,,,,,,
1181091,Memphis Grizzlies,10554,120,43,76,6,17,16,27,49,93,51,32,19,12,2,28,20,5,52.69,59.26,35.29,56.58
1179398,Los Angeles Lakers,,,,,,,,,,,,,,,,,,,,,,
1133830,Cleveland Cavaliers,162911,1277,503,845,22,102,205,304,525,947,711,524,187,146,119,218,224,60,55.44,67.43,21.57,59.53
1092926,Philadelphia 76ers,120940,1218,279,544,160,369,180,213,439,913,176,153,23,80,8,132,212,49,48.08,84.51,43.36,51.29
987103,Orlando Magic,31080,128,17,36,26,86,16,21,43,122,96,70,26,17,11,40,37,19,35.25,76.19,30.23,47.22
905919,Brooklyn Nets,144538,671,66,174,163,419,50,69,229,593,384,329,55,114,49,239,283,65,38.62,72.46,38.9,37.93
988995,New York Knicks,148529,1431,389,786,121,390,290,392,510,1176,368,308,60,164,15,179,201,31,43.37,73.98,31.03,49.49
1178026,Minnesota Timberwolves,,,,,,,,,,,,,,,,,,,,,,
1436499,Utah Jazz,,,,,,,,,,,,,,,,,,,,,,
1092880,San Antonio Spurs,70685,703,158,329,103,266,78,100,261,595,148,140,8,57,17,57,136,43,43.87,78.0,38.72,48.02
1092913,Indiana Pacers,108980,738,137,276,115,314,119,142,252,590,277,215,62,75,34,235,98,55,42.71,83.8,36.62,49.64
1133798,New York Knicks,48743,178,83,106,0,1,12,16,83,107,242,143,99,27,28,96,25,15,77.57,75.0,,78.3
940804,Minnesota Timberwolves,111578,541,93,184,107,281,34,39,200,465,308,246,62,49,16,120,95,59,43.01,87.18,38.08,50.54
817442,Golden State Warriors,71416,633,161,304,89,225,44,72,250,529,186,125,61,48,28,107,85,45,47.26,61.11,39.56,52.96
817014,Detroit Pistons,67345,652,101,220,99,239,153,188,200,459,158,139,19,58,8,98,114,38,43.57,81.38,41.42,45.91
846893,Los Angeles Lakers,71544,493,103,185,74,194,65,77,177,379,132,117,15,69,15,123,84,28,46.7,84.42,38.14,55.68
1092897,Indiana Pacers,76728,642,188,317,54,191,104,137,242,508,394,265,129,72,60,153,66,21,47.64,75.91,28.27,59.31
817343,Miami Heat,91774,654,132,261,107,293,69,81,239,554,175,134,41,86,20,117,174,69,43.14,85.19,36.52,50.57
1415127,Minnesota Timberwolves,,,,,,,,,,,,,,,,,,,,,,
817034,Utah Jazz,119300,1271,303,572,155,459,200,245,458,1031,246,174,72,186,13,120,270,33,44.42,81.63,33.77,52.97
817121,Philadelphia 76ers,8322,61,6,12,16,37,1,1,22,49,14,11,3,10,3,16,6,6,44.9,100.0,43.24,50.0
1179821,Indiana Pacers,2418,9,4,6,0,1,1,2,4,7,6,4,2,2,0,9,3,4,57.14,50.0,,66.67
987867,New Orleans Pelicans,57368,754,278,450,7,19,177,248,285,469,202,144,58,99,16,65,133,32,60.77,71.37,36.84,61.78
816981,Philadelphia 76ers,102564,478,36,64,124,317,34,48,160,381,299,237,62,50,44,149,121,54,41.99,70.83,39.12,56.25
1092914,Denver Nuggets,43665,277,93,131,17,65,40,62,110,196,138,73,65,31,23,105,18,17,56.12,64.52,26.15,70.99
1457779,Chicago Bulls,,,,,,,,,,,,,,,,,,,,,,
1133927,Philadelphia 76ers,5356,42,15,30,2,5,6,8,17,35,14,8,6,3,3,15,8,7,48.57,75.0,40.0,50.0
1133782,Charlotte Hornets,30928,191,36,84,33,109,20,30,69,193,72,64,8,32,5,49,41,14,35.75,66.67,30.28,42.86
1178292,Golden State Warriors,,,,,,,,,,,,,,,,,,,,,,
903020,Charlotte Hornets,51217,295,74,159,28,95,63,74,102,254,123,109,14,59,12,61,152,37,40.16,85.14,29.47,46.54
1133916,Indiana Pacers,62539,455,177,304,2,14,95,146,179,318,282,169,113,51,93,154,51,31,56.29,65.07,14.29,58.22
817165,Boston Celtics,115326,616,83,154,145,325,15,21,228,479,390,317,73,37,61,121,189,30,47.6,71.43,44.62,53.9
816985,Phoenix Suns,100375,1160,364,659,80,219,192,228,444,878,196,155,41,145,33,107,271,45,50.57,84.21,36.53,55.24
1133923,New Orleans Pelicans,146877,1148,185,303,202,497,172,190,387,800,281,222,59,61,43,155,112,89,48.38,90.53,40.64,61.06
817204,Washington Wizards,116370,823,190,384,121,326,80,100,311,710,200,172,28,74,6,32,417,83,43.8,80.0,37.12,49.48
885244,Sacramento Kings,146112,1826,563,964,119,367,343,440,682,1331,306,266,40,181,23,172,447,83,51.24,77.95,32.43,58.4
940778,Phoenix Suns,41334,321,120,181,9,38,54,73,129,219,198,151,47,32,21,81,40,22,58.9,73.97,23.68,66.3
1206070,New Orleans Pelicans,62519,227,60,122,27,86,26,40,87,208,188,152,36,57,11,99,134,43,41.83,65.0,31.4,49.18
1092906,Philadelphia 76ers,45304,287,123,203,1,6,38,51,124,209,262,150,112,45,51,123,27,46,59.33,74.51,16.67,60.59
940761,Toronto Raptors,127075,1148,239,485,166,450,172,205,405,935,173,143,30,55,14,102,106,104,43.32,83.9,36.89,49.28
1180496,Washington Wizards,13550,122,11,25,32,84,4,6,43,109,40,39,1,11,4,14,11,6,39.45,66.67,38.1,44.0
1092943,Oklahoma City Thunder,83711,691,63,114,161,394,82,100,224,508,175,148,27,39,8,105,88,48,44.09,82.0,40.86,55.26
846927,Los Angeles Clippers,130171,818,326,512,0,2,166,238,326,514,756,520,236,117,98,219,77,29,63.42,69.75,,63.67
817047,Milwaukee Bucks,20381,124,21,39,24,55,10,12,45,94,69,52,17,7,6,27,27,12,47.87,83.33,43.64,53.85
1133787,Atlanta Hawks,62491,395,128,218,30,104,49,78,158,322,282,231,51,41,34,113,83,38,49.07,62.82,28.85,58.72
993675,Indiana Pacers,71282,542,108,234,86,211,68,86,194,445,229,178,51,66,14,74,88,24,43.6,79.07,40.76,46.15
940760,Los Angeles Lakers,112775,619,218,361,29,90,96,139,247,451,582,412,170,97,21,190,184,83,54.77,69.06,32.22,60.39
885214,New York Knicks,147244,743,214,356,61,164,132,176,275,520,593,451,142,117,21,195,290,88,52.88,75.0,37.2,60.11
1181316,Indiana Pacers,133342,1302,313,641,100,310,376,454,413,951,318,231,87,152,13,162,116,48,43.43,82.82,32.26,48.83
817410,Minnesota Timberwolves,57422,602,152,264,60,164,118,135,212,428,236,188,48,86,17,111,140,20,49.53,87.41,36.59,57.58
987552,San Antonio Spurs,123803,1385,369,706,134,407,245,327,503,1113,318,262,56,134,11,125,183,46,45.19,74.92,32.92,52.27
861608,Dallas Mavericks,143431,2138,534,908,185,541,515,694,719,1449,569,515,54,236,33,166,529,90,49.62,74.21,34.2,58.81
1178651,Los Angeles Lakers,30744,128,18,44,26,62,14,16,44,106,75,68,7,13,7,33,21,9,41.51,87.5,41.94,40.91
989006,Brooklyn Nets,136231,961,414,585,0,2,133,246,414,587,702,518,184,96,189,212,144,65,70.53,54.07,,70.77
817329,Milwaukee Bucks,109108,987,303,546,95,257,96,125,398,803,672,518,154,81,16,115,105,29,49.56,76.8,36.96,55.49
1430918,Brooklyn Nets,,,,,,,,,,,,,,,,,,,,,,
817141,Philadelphia 76ers,146152,1085,297,521,126,324,113,129,423,845,424,357,67,89,40,149,186,68,50.06,87.6,38.89,57.01
817240,Sacramento Kings,74830,562,100,168,87,240,101,124,187,408,300,232,68,64,31,97,66,27,45.83,81.45,36.25,59.52
1179643,Indiana Pacers,,,,,,,,,,,,,,,,,,,,,,
817114,Denver Nuggets,123305,1109,369,588,60,173,191,314,429,761,446,282,164,98,51,129,203,54,56.37,60.83,34.68,62.76
1092953,New Orleans Pelicans,14087,114,25,54,15,34,19,22,40,88,33,28,5,10,2,24,23,10,45.45,86.36,44.12,46.3
1431028,Utah Jazz,,,,,,,,,,,,,,,,,,,,,,
1133995,Sacramento Kings,23142,100,19,38,17,55,11,15,36,93,61,38,23,13,6,40,23,14,38.71,73.33,30.91,50.0
846936,Cleveland Cavaliers,134232,897,193,418,127,324,130,180,320,742,282,229,53,116,24,170,287,72,43.13,72.22,39.2,46.17
817338,New York Knicks,164241,1936,440,796,218,636,402,531,658,1432,767,626,141,216,21,233,316,49,45.95,75.71,34.28,55.28
1179834,Minnesota Timberwolves,5773,46,16,30,2,6,8,8,18,36,25,20,5,3,6,10,5,4,50.0,100.0,33.33,53.33
1132126,Golden State Warriors,83651,666,207,351,54,146,90,138,261,497,231,161,70,95,31,157,125,41,52.52,65.22,36.99,58.97
995836,No team,,,,,,,,,,,,,,,,,,,,,,
1179050,Milwaukee Bucks,,,,,,,,,,,,,,,,,,,,,,
1134004,San Antonio Spurs,39577,263,67,131,30,99,39,57,97,230,185,115,70,35,12,52,62,14,42.17,68.42,30.3,51.15
1178575,Oklahoma City Thunder,54854,288,56,121,46,113,38,54,102,234,241,197,44,37,12,111,76,28,43.59,70.37,40.71,46.28
1179527,Philadelphia 76ers,,,,,,,,,,,,,,,,,,,,,,
816977,Sacramento Kings,159721,1230,242,438,132,353,350,413,374,791,366,279,87,86,10,103,128,57,47.28,84.75,37.39,55.25
940814,Phoenix Suns,118315,750,99,191,146,366,114,126,245,557,237,176,61,72,14,117,163,62,43.99,90.48,39.89,51.83
817139,Orlando Magic,71062,397,44,89,94,218,27,30,138,307,98,77,21,28,12,93,59,45,44.95,90.0,43.12,49.44
885248,Boston Celtics,139152,1017,201,367,149,391,168,192,350,758,293,241,52,95,76,177,321,54,46.17,87.5,38.11,54.77
1144809,San Antonio Spurs,,,,,,,,,,,,,,,,,,,,,,
1132132,Sacramento Kings,86811,450,118,202,63,197,25,31,181,399,105,89,16,62,15,112,185,44,45.36,80.65,31.98,58.42
1092874,Atlanta Hawks,127717,1062,202,418,151,418,205,238,353,836,362,264,98,71,13,123,118,70,42.22,86.13,36.12,48.33
1179796,Toronto Raptors,,,,,,,,,,,,,,,,,,,,,,
817253,New Orleans Pelicans,158927,1568,376,801,211,543,183,238,587,1344,328,273,55,183,38,153,429,70,43.68,76.89,38.86,46.94
989079,Dallas Mavericks,122679,641,101,185,115,291,94,122,216,476,363,276,87,82,31,192,131,41,45.38,77.05,39.52,54.59
816960,Milwaukee Bucks,121411,1959,660,1107,47,171,498,772,707,1278,742,605,137,246,51,197,359,52,55.32,64.51,27.49,59.62
905877,San Antonio Spurs,92902,669,123,218,116,312,75,108,239,530,176,151,25,52,11,122,115,35,45.09,69.44,37.18,56.42
817265,Milwaukee Bucks,48045,497,126,244,51,162,92,102,177,406,140,112,28,71,5,68,163,23,43.6,90.2,31.48,51.64
1092881,Chicago Bulls,139384,833,199,400,115,277,90,105,314,677,327,249,78,101,70,147,100,72,46.38,85.71,41.52,49.75
885246,Brooklyn Nets,,,,,,,,,,,,,,,,,,,,,,
987161,Cleveland Cavaliers,146831,1490,353,717,169,412,277,321,522,1129,185,157,28,199,9,148,538,85,46.24,86.29,41.02,49.23
817228,Sacramento Kings,9673,43,16,28,0,2,11,16,16,30,60,36,24,16,11,28,12,4,53.33,68.75,,57.14
1179521,New Orleans Pelicans,696,4,2,5,0,0,0,0,2,5,1,0,1,0,0,1,0,0,40.0,,,40.0
817039,Milwaukee Bucks,86560,466,56,99,109,322,27,41,165,421,283,233,50,33,11,69,77,37,39.19,65.85,33.85,56.57
817087,Dallas Mavericks,,,,,,,,,,,,,,,,,,,,,,
940801,Chicago Bulls,108621,651,97,228,142,337,31,38,239,565,202,167,35,78,29,158,197,66,42.3,81.58,42.14,42.54
885229,Kauno Zalgiris,44172,378,93,182,31,87,99,108,124,269,79,66,13,50,10,83,68,31,46.1,91.67,35.63,51.1
989009,Toronto Raptors,114763,755,204,385,77,232,116,138,281,617,346,283,63,93,34,209,130,83,45.54,84.06,33.19,52.99
1092887,Houston Rockets,40648,283,97,183,13,46,50,69,110,229,118,77,41,47,7,106,84,21,48.03,72.46,28.26,53.01
1183277,Portland Trail Blazers,37148,216,67,142,16,56,34,45,83,198,131,83,48,29,13,69,34,10,41.92,75.56,28.57,47.18
817249,Atlanta Hawks,49227,179,19,36,39,124,24,28,58,160,113,79,34,18,13,71,34,20,36.25,85.71,31.45,52.78
1092866,Atlanta Hawks,16617,52,25,58,0,2,2,3,25,60,37,32,5,15,2,17,38,7,41.67,66.67,,43.1
1178591,Utah Jazz,102198,679,297,411,1,3,82,159,298,414,620,389,231,58,173,169,69,26,71.98,51.57,33.33,72.26
1180989,Portland Trail Blazers,,,,,,,,,,,,,,,,,,,,,,
1457792,Brooklyn Nets,,,,,,,,,,,,,,,,,,,,,,
817218,Chicago Bulls,166077,1913,469,844,204,544,363,428,673,1388,345,303,42,194,18,159,327,69,48.49,84.81,37.5,55.57
817159,Boston Celtics,130954,1290,332,612,158,411,152,177,490,1023,341,262,79,197,25,116,495,79,47.9,85.88,38.44,54.25
817065,Brooklyn Nets,163522,1369,279,560,181,490,268,330,460,1050,270,242,28,145,24,187,515,67,43.81,81.21,36.94,49.82
987564,New York Knicks,623,5,1,1,1,2,0,0,2,3,0,0,0,1,0,0,1,1,66.67,,50.0,100.0
1134001,Phoenix Suns,24976,189,39,97,28,81,27,41,67,178,44,33,11,43,6,43,59,19,37.64,65.85,34.57,40.21
1133792,New York Knicks,127254,799,125,195,157,407,78,98,282,602,229,180,49,69,26,177,150,47,46.84,79.59,38.57,64.1
817000,Phoenix Suns,110126,1471,416,751,111,316,306,358,527,1067,240,194,46,145,18,159,293,51,49.39,85.47,35.13,55.39
1092907,Charlotte Hornets,73018,532,196,312,1,1,137,183,197,313,416,269,147,59,71,154,38,11,62.94,74.86,100.0,62.82
885217,Chicago Bulls,,,,,,,,,,,,,,,,,,,,,,
817181,Los Angeles Lakers,117233,1590,488,842,121,377,251,327,609,1219,457,392,65,178,32,88,375,50,49.96,76.76,32.1,57.96
1134019,Brooklyn Nets,56856,604,150,323,51,133,151,174,201,456,95,87,8,63,7,55,78,20,44.08,86.78,38.35,46.44
817206,Golden State Warriors,73640,427,80,171,70,180,57,72,150,351,106,85,21,56,9,88,217,34,42.74,79.17,38.89,46.78
1180196,Charlotte Hornets,47217,246,54,122,26,80,60,80,80,202,93,73,20,43,6,48,54,15,39.6,75.0,32.5,44.26
817057,Chicago Bulls,160896,1816,611,1161,46,142,456,523,657,1303,343,309,34,153,36,186,377,83,50.42,87.19,32.39,52.63
846950,Philadelphia 76ers,21209,140,30,65,18,46,26,36,48,111,42,36,6,24,3,18,22,10,43.24,72.22,39.13,46.15
958769,Orlando Magic,27408,167,63,99,6,26,23,42,69,125,137,76,61,22,26,64,39,16,55.2,54.76,23.08,63.64
1092915,Cleveland Cavaliers,99140,490,113,183,62,171,78,103,175,354,187,135,52,42,30,158,87,56,49.44,75.73,36.26,61.75
1133838,Houston Rockets,156136,1683,379,805,187,554,364,463,566,1359,284,241,43,200,18,131,281,59,41.65,78.62,33.75,47.08
885203,Boston Celtics,163934,2225,487,873,240,686,531,622,727,1559,649,571,78,213,51,160,342,78,46.63,85.37,34.99,55.78
846949,Brooklyn Nets,66297,291,133,233,0,2,25,57,133,235,263,223,40,97,24,139,256,54,56.6,43.86,,57.08
817020,Denver Nuggets,142873,822,157,313,135,319,103,125,292,632,208,173,35,86,35,145,183,112,46.2,82.4,42.32,50.16
817238,Miami Heat,74368,509,66,128,99,296,80,91,165,424,399,340,59,70,12,97,116,16,38.92,87.91,33.45,51.56
817330,Boston Celtics,127173,1505,370,662,137,356,354,416,507,1018,546,432,114,137,100,196,174,58,49.8,85.1,38.48,55.89
846918,Milwaukee Bucks,125577,1025,135,279,235,658,50,65,370,937,283,248,35,90,9,107,124,65,39.49,76.92,35.71,48.39
996152,Portland Trail Blazers,17649,155,61,96,0,0,33,72,61,96,139,82,57,15,14,39,4,4,63.54,45.83,,63.54
817199,Denver Nuggets,139384,1690,589,873,57,149,341,415,646,1022,817,650,167,247,47,174,678,87,63.21,82.17,38.26,67.47
1181231,Orlando Magic,145785,1437,394,837,85,285,394,534,479,1122,497,413,84,200,39,160,269,60,42.69,73.78,29.82,47.07
817108,Los Angeles Clippers,116337,1332,301,578,158,426,256,294,459,1004,342,297,45,176,20,159,288,83,45.72,87.07,37.09,52.08
905681,Washington Wizards,37469,195,67,103,4,29,49,67,71,132,99,62,37,15,12,70,34,7,53.79,73.13,13.79,65.05
1179453,Sacramento Kings,,,,,,,,,,,,,,,,,,,,,,
972550,Oklahoma City Thunder,42081,276,70,145,38,104,22,35,108,249,159,114,45,43,43,58,64,20,43.37,62.86,36.54,48.28
1178018,Miami Heat,,,,,,,,,,,,,,,,,,,,,,
1178446,Orlando Magic,48730,193,20,46,46,136,15,18,66,182,99,65,34,18,7,63,30,12,36.26,83.33,33.82,43.48
987102,Memphis Grizzlies,116900,1596,474,914,92,300,372,497,566,1214,357,296,61,206,16,100,493,66,46.62,74.85,30.67,51.86
1133860,Minnesota Timberwolves,14605,181,49,77,14,39,41,52,63,116,63,30,33,14,2,43,18,3,54.31,78.85,35.9,63.64
1178448,Atlanta Hawks,,,,,,,,,,,,,,,,,,,,,,
988875,Memphis Grizzlies,89624,364,78,143,60,177,28,36,138,320,310,246,64,37,25,112,100,77,43.12,77.78,33.9,54.55
1092949,Miami Heat,44976,302,61,121,41,116,57,76,102,237,87,69,18,42,9,51,54,27,43.04,75.0,35.34,50.41
989024,Washington Wizards,147487,1675,336,641,214,637,361,415,550,1278,225,193,32,252,21,214,369,63,43.04,86.99,33.59,52.42
940785,Memphis Grizzlies,107248,1173,316,540,100,282,241,306,416,822,426,318,108,107,189,227,60,65,50.61,78.76,35.46,58.52
846946,Cleveland Cavaliers,90709,637,68,118,154,384,39,45,222,502,185,166,19,54,14,145,77,30,44.22,86.67,40.1,57.63
817404,Golden State Warriors,136732,1509,245,521,301,731,116,132,546,1252,286,247,39,123,29,130,163,49,43.61,87.88,41.18,47.02
998636,Detroit Pistons,129213,786,227,529,80,286,92,112,307,815,221,193,28,173,28,219,470,104,37.67,82.14,27.97,42.91
885211,Denver Nuggets,53342,297,65,112,43,115,38,41,108,227,128,104,24,37,14,84,80,22,47.58,92.68,37.39,58.04
1092900,Boston Celtics,67224,328,99,193,30,95,40,57,129,288,207,159,48,27,19,79,33,27,44.79,70.18,31.58,51.3
817458,Washington Wizards,73269,369,97,172,41,119,52,60,138,291,180,122,58,44,17,59,194,92,47.42,86.67,34.45,56.4
1179822,San Antonio Spurs,87456,614,217,418,33,134,81,116,250,552,295,200,95,97,23,138,142,43,45.29,69.83,24.63,51.91
1092911,Boston Celtics,38563,270,45,91,56,154,12,16,101,245,88,63,25,40,1,37,64,14,41.22,75.0,36.36,49.45
989017,Los Angeles Clippers,112315,713,195,326,77,198,92,118,272,524,276,199,77,80,22,149,184,42,51.91,77.97,38.89,59.82
1133845,Detroit Pistons,71919,346,46,85,74,203,32,39,120,288,143,115,28,30,28,103,41,28,41.67,82.05,36.45,54.12
817331,Dallas Mavericks,87473,506,197,264,0,5,112,168,197,269,314,165,149,65,26,209,69,48,73.23,66.67,,74.62
989900,Boston Celtics,64984,398,75,164,48,155,104,145,123,319,218,156,62,34,13,79,44,33,38.56,71.72,30.97,45.73
1457788,Charlotte Hornets,,,,,,,,,,,,,,,,,,,,,,
904958,Oklahoma City Thunder,,,,,,,,,,,,,,,,,,,,,,
1180986,Sacramento Kings,142904,976,148,281,206,501,62,81,354,782,371,282,89,60,42,162,98,61,45.27,76.54,41.12,52.67
817101,Washington Wizards,,,,,,,,,,,,,,,,,,,,,,
817049,Dallas Mavericks,72643,561,114,217,94,232,51,55,208,449,100,87,13,51,7,96,99,36,46.33,92.73,40.52,52.53
1179997,San Antonio Spurs,,,,,,,,,,,,,,,,,,,,,,
817315,Golden State Warriors,113317,819,196,407,98,261,133,160,294,668,251,224,27,114,22,126,524,91,44.01,83.12,37.55,48.16
988302,Brooklyn Nets,71986,650,120,219,103,255,101,120,223,474,185,151,34,37,14,83,78,50,47.05,84.17,40.39,54.79
817256,San Antonio Spurs,78857,654,116,225,123,298,53,70,239,523,139,115,24,58,6,118,91,13,45.7,75.71,41.28,51.56
1092944,Indiana Pacers,112978,1160,251,439,161,402,175,201,412,841,205,172,33,141,25,69,585,91,48.99,87.06,40.05,57.18
1092947,San Antonio Spurs,119020,875,296,585,45,158,148,172,341,743,245,189,56,110,9,98,448,89,45.9,86.05,28.48,50.6
817012,Houston Rockets,141865,561,41,73,151,397,26,37,192,470,283,251,32,36,13,166,108,54,40.85,70.27,38.04,56.16
1134015,Brooklyn Nets,33149,227,87,160,6,11,35,55,93,171,200,101,99,42,32,89,37,15,54.39,63.64,54.55,54.38
1178394,San Antonio Spurs,19208,165,26,48,33,82,14,17,59,130,60,50,10,11,5,26,10,6,45.38,82.35,40.24,54.17
817280,Dallas Mavericks,21305,132,19,44,28,71,10,10,47,115,71,58,13,18,5,48,31,9,40.87,100.0,39.44,43.18
954950,Houston Rockets,58715,456,157,253,21,84,79,105,178,337,280,161,119,59,30,126,68,16,52.82,75.24,25.0,62.06
940803,New York Knicks,142727,1633,453,873,134,322,325,392,587,1195,241,201,40,142,15,152,421,61,49.12,82.91,41.61,51.89
817279,Philadelphia 76ers,109512,728,162,335,112,308,68,87,274,643,258,229,29,56,21,136,114,42,42.61,78.16,36.36,48.36
1512459,Charlotte Hornets,,,,,,,,,,,,,,,,,,,,,,
846917,Denver Nuggets,128002,1298,301,609,172,432,180,216,473,1041,257,209,48,145,16,103,400,66,45.44,83.33,39.81,49.43
885200,Utah Jazz,127780,931,289,467,70,240,143,178,359,707,462,385,77,79,73,220,85,42,50.78,80.34,29.17,61.88
940768,Washington Wizards,48412,346,38,101,75,199,45,51,113,300,67,56,11,36,5,61,93,26,37.67,88.24,37.69,37.62
885242,San Antonio Spurs,86437,731,229,401,55,147,108,142,284,548,402,286,116,129,49,199,180,37,51.82,76.06,37.41,57.11
1181383,Indiana Pacers,124408,709,192,381,92,263,49,62,284,644,199,164,35,126,13,179,341,70,44.1,79.03,34.98,50.39
1179536,Memphis Grizzlies,24854,105,13,24,24,71,7,9,37,95,63,44,19,18,4,49,21,12,38.95,77.78,33.8,54.17
861639,New York Knicks,97555,406,167,290,8,37,48,71,175,327,536,327,209,66,64,213,102,53,53.52,67.61,21.62,57.59
817287,Washington Wizards,56696,383,50,85,81,207,40,52,131,292,203,166,37,23,24,98,50,15,44.86,76.92,39.13,58.82
1433908,Houston Rockets,,,,,,,,,,,,,,,,,,,,,,
817270,Atlanta Hawks,33998,246,37,75,49,134,25,30,86,209,44,36,8,30,3,32,56,15,41.15,83.33,36.57,49.33
885209,Detroit Pistons,101693,636,169,311,78,204,64,77,247,515,210,184,26,60,13,75,326,43,47.96,83.12,38.24,54.34
1084054,Miami Heat,12264,82,20,34,8,35,18,19,28,69,31,22,9,10,2,19,10,7,40.58,94.74,22.86,58.82
885258,Sacramento Kings,103160,1041,214,398,143,398,184,207,357,796,203,171,32,146,20,125,298,49,44.85,88.89,35.93,53.77
940755,Atlanta Hawks,152448,1914,443,930,154,460,566,639,597,1390,217,161,56,300,9,104,741,80,42.95,88.58,33.48,47.63
817132,Dallas Mavericks,129136,1019,128,297,212,550,127,165,340,847,251,230,21,60,12,120,129,49,40.14,76.97,38.55,43.1
1133791,Boston Celtics,77400,512,40,61,140,335,12,17,180,396,204,169,35,30,21,99,71,29,45.45,70.59,41.79,65.57
1133822,Houston Rockets,130252,1109,423,742,19,57,206,288,442,799,678,436,242,193,70,258,291,70,55.32,71.53,33.33,57.01
1433917,Toronto Raptors,,,,,,,,,,,,,,,,,,,,,,
1191132,Oklahoma City Thunder,34123,193,50,83,26,98,15,23,76,181,105,86,19,26,7,42,46,14,41.99,65.22,26.53,60.24
1182728,Brooklyn Nets,,,,,,,,,,,,,,,,,,,,,,
1121280,Utah Jazz,4994,40,13,20,3,7,5,6,16,27,23,15,8,4,2,16,2,2,59.26,83.33,42.86,65.0
1179054,New Orleans Pelicans,,,,,,,,,,,,,,,,,,,,,,
990002,Cleveland Cavaliers,136314,923,127,227,197,563,78,89,324,790,258,209,49,70,12,166,171,42,41.01,87.64,34.99,55.95
817300,Phoenix Suns,83489,694,219,386,43,119,127,192,262,505,471,357,114,119,44,185,149,43,51.88,66.15,36.13,56.74
885228,Orlando Magic,7441,55,16,38,6,15,5,9,22,53,44,29,15,4,4,5,6,14,41.51,55.56,40.0,42.11
817175,Orlando Magic,62614,317,25,45,83,203,18,21,108,248,128,115,13,55,6,74,150,33,43.55,85.71,40.89,55.56
846973,Toronto Raptors,114367,897,389,617,0,1,119,201,389,618,653,417,236,125,86,195,197,66,62.94,59.2,,63.05
1178599,Houston Rockets,147032,1010,244,501,120,391,162,206,364,892,569,447,122,104,74,227,101,43,40.81,78.64,30.69,48.7
905191,Orlando Magic,156523,1485,412,758,130,360,271,322,542,1118,329,259,70,167,17,183,283,77,48.48,84.16,36.11,54.35
940799,New York Knicks,113653,678,85,162,150,378,58,71,235,540,325,245,80,112,10,133,252,97,43.52,81.69,39.68,52.47
1092865,Orlando Magic,93107,781,202,404,75,206,152,170,277,610,288,241,47,91,31,158,235,37,45.41,89.41,36.41,50.0
1181664,Indiana Pacers,,,,,,,,,,,,,,,,,,,,,,
817239,Miami Heat,103063,615,89,175,107,310,116,135,196,485,225,182,43,103,21,143,281,57,40.41,85.93,34.52,50.86
942986,Phoenix Suns,55669,322,54,97,60,135,34,47,114,232,141,111,30,22,17,80,48,25,49.14,72.34,44.44,55.67
940773,Denver Nuggets,107869,1080,210,363,188,454,96,120,398,817,341,277,64,68,29,119,65,37,48.71,80.0,41.41,57.85
817177,Dallas Mavericks,134427,1623,406,707,188,496,247,273,594,1203,304,245,59,128,45,165,331,66,49.38,90.48,37.9,57.43
1134024,Memphis Grizzlies,33643,210,59,99,25,97,17,22,84,196,79,63,16,37,6,58,35,14,42.86,77.27,25.77,59.6
957172,Phoenix Suns,95023,518,207,316,7,18,83,125,214,334,418,286,132,67,102,169,103,40,64.07,66.4,38.89,65.51
846972,Houston Rockets,152099,1335,230,506,207,606,254,283,437,1112,280,250,30,140,38,193,495,123,39.3,89.75,34.16,45.45
1133905,New Orleans Pelicans,78594,550,118,242,83,247,65,80,201,489,141,113,28,81,10,125,186,67,41.1,81.25,33.6,48.76
1133825,Houston Rockets,48823,292,73,137,37,111,35,42,110,248,180,109,71,19,11,71,43,24,44.35,83.33,33.33,53.28
855801,Chicago Bulls,94523,374,75,135,55,151,59,73,130,286,196,154,42,77,46,159,193,98,45.45,80.82,36.42,55.56
1092868,Charlotte Hornets,76067,838,152,338,144,383,102,122,296,721,231,189,42,129,11,118,304,46,41.05,83.61,37.6,44.97
1134017,Orlando Magic,74751,524,120,242,66,202,86,119,186,444,161,106,55,94,27,120,155,67,41.89,72.27,32.67,49.59
1092937,Toronto Raptors,41447,246,40,109,47,133,25,33,87,242,76,61,15,25,4,65,70,21,35.95,75.76,35.34,36.7
940759,Orlando Magic,66567,600,147,233,51,163,153,182,198,396,259,190,69,68,13,136,84,37,50.0,84.07,31.29,63.09
1430963,Utah Jazz,,,,,,,,,,,,,,,,,,,,,,
1092930,Minnesota Timberwolves,144986,953,263,447,107,269,106,144,370,716,307,215,92,112,76,272,148,74,51.68,73.61,39.78,58.84
1133920,Sacramento Kings,53832,362,68,159,55,174,61,72,123,333,115,96,19,41,9,65,64,25,36.94,84.72,31.61,42.77
1178535,Miami Heat,2467,9,0,1,3,8,0,0,3,9,7,6,1,0,0,3,4,0,33.33,,37.5,
846983,Philadelphia 76ers,48414,268,56,87,37,110,45,60,93,197,94,85,9,26,9,69,44,14,47.21,75.0,33.64,64.37
1178388,Golden State Warriors,,,,,,,,,,,,,,,,,,,,,,
885208,Brooklyn Nets,83387,474,162,341,24,111,78,106,186,452,167,140,27,82,25,122,261,75,41.15,73.58,21.62,47.51
1458552,Orlando Magic,,,,,,,,,,,,,,,,,,,,,,
1132140,Los Angeles Lakers,110590,833,173,274,86,216,229,265,259,490,193,160,33,99,19,108,215,33,52.86,86.42,39.81,63.14
861655,Dallas Mavericks,55785,220,38,57,39,112,27,38,77,169,135,105,30,27,30,85,52,12,45.56,71.05,34.82,66.67
817050,Golden State Warriors,116471,1648,286,494,273,639,257,281,559,1133,341,302,39,179,20,117,352,52,49.34,91.46,42.72,57.89
940811,Detroit Pistons,59426,504,183,316,19,66,81,108,202,382,269,175,94,46,30,81,36,19,52.88,75.0,28.79,57.91
823344,Indiana Pacers,91574,650,257,462,26,59,58,68,283,521,234,189,45,143,10,105,397,81,54.32,85.29,44.07,55.63
989015,Chicago Bulls,103793,715,135,250,128,344,61,70,263,594,212,196,16,74,6,122,204,54,44.28,87.14,37.21,54.0
817017,Miami Heat,128288,1466,443,785,36,103,472,555,479,888,375,234,141,101,21,80,340,117,53.94,85.05,34.95,56.43
841350,Kjelsas,,,,,,,,,,,,,,,,,,,,,,
817140,Detroit Pistons,91623,562,59,107,142,333,18,28,201,440,164,141,23,41,13,140,101,34,45.68,64.29,42.64,55.14
957474,Oklahoma City Thunder,72351,425,129,212,50,134,17,39,179,346,261,164,97,32,14,112,105,45,51.73,43.59,37.31,60.85
1133795,Boston Celtics,16710,142,40,79,15,51,17,24,55,130,45,34,11,18,13,34,36,13,42.31,70.83,29.41,50.63
940788,Sacramento Kings,132171,1140,215,356,205,510,95,131,420,866,251,209,42,97,24,181,221,80,48.5,72.52,40.2,60.39
1433907,Orlando Magic,,,,,,,,,,,,,,,,,,,,,,
1134115,Washington Wizards,125594,820,128,201,163,384,75,88,291,585,207,174,33,55,9,97,87,32,49.74,85.23,42.45,63.68
1182729,Denver Nuggets,70865,360,109,193,34,96,40,64,143,289,181,133,48,35,17,101,59,41,49.48,62.5,35.42,56.48
817147,Charlotte Hornets,94613,733,224,421,52,160,129,159,276,581,215,182,33,99,12,70,206,42,47.5,81.13,32.5,53.21
987934,Memphis Grizzlies,65404,558,228,343,1,6,99,137,229,349,310,218,92,55,37,131,72,34,65.62,72.26,16.67,66.47
817094,New York Knicks,27519,165,21,52,35,114,18,21,56,166,49,45,4,22,3,46,36,16,33.73,85.71,30.7,40.38
1046409,Olympiacos BC,,,,,,,,,,,,,,,,,,,,,,
846968,Sacramento Kings,164141,1510,546,855,31,83,325,438,577,938,973,722,251,230,39,279,573,65,61.51,74.2,37.35,63.86
885254,Houston Rockets,132858,1047,249,552,143,439,120,154,392,991,244,199,45,104,16,240,189,65,39.56,77.92,32.57,45.11
987560,Cleveland Cavaliers,53486,206,28,50,45,127,15,23,73,177,150,130,20,17,21,89,37,28,41.24,65.22,35.43,56.0
885256,Memphis Grizzlies,78910,546,55,113,133,269,37,39,188,382,158,143,15,46,5,82,91,32,49.21,94.87,49.44,48.67
1133847,Oklahoma City Thunder,70997,517,116,244,81,257,42,55,197,501,155,128,27,62,11,99,120,40,39.32,76.36,31.52,47.54
1179835,Cleveland Cavaliers,,,,,,,,,,,,,,,,,,,,,,
989007,Los Angeles Clippers,37511,172,45,105,11,40,49,63,56,145,53,36,17,21,5,50,53,7,38.62,77.78,27.5,42.86
846947,Golden State Warriors,48351,362,82,162,45,115,63,76,127,277,207,154,53,55,7,99,74,20,45.85,82.89,39.13,50.62
1133988,Memphis Grizzlies,100908,696,153,259,94,266,108,144,247,525,371,286,85,60,48,143,97,45,47.05,75.0,35.34,59.07
885207,Utah Jazz,136354,1691,371,634,200,511,349,399,571,1145,570,440,130,127,38,137,123,42,49.87,87.47,39.14,58.52
905898,Boston Celtics,48249,261,110,157,3,13,32,39,113,170,197,111,86,25,46,81,53,11,66.47,82.05,23.08,70.06
846965,Oklahoma City Thunder,29508,206,14,19,55,141,13,15,69,160,53,43,10,10,8,53,21,11,43.12,86.67,39.01,73.68
988301,Cleveland Cavaliers,48932,309,83,152,35,90,38,41,118,242,78,71,7,30,5,64,135,23,48.76,92.68,38.89,54.61
817324,Los Angeles Clippers,123219,857,329,484,0,0,199,313,329,484,700,471,229,117,47,217,245,46,67.98,63.58,,67.98
913627,Washington Wizards,121219,697,184,347,69,232,122,165,253,579,487,413,74,123,29,209,211,65,43.7,73.94,29.74,53.03
1133812,Oklahoma City Thunder,142031,1260,463,884,76,234,106,145,539,1118,599,451,148,211,31,143,469,57,48.21,73.1,32.48,52.38
1092872,Memphis Grizzlies,110487,1247,284,532,166,407,181,205,450,939,291,248,43,126,22,150,254,56,47.92,88.29,40.79,53.38
885215,Washington Wizards,134328,1357,352,661,160,481,173,237,512,1142,463,408,55,190,29,145,239,36,44.83,73.0,33.26,53.25
817306,Utah Jazz,116500,847,185,321,93,236,198,232,278,557,420,338,82,168,37,232,252,60,49.91,85.34,39.41,57.63
988789,Miami Heat,140206,1347,284,572,203,537,170,182,487,1109,360,333,27,158,16,101,280,51,43.91,93.41,37.8,49.65
940776,Boston Celtics,28072,222,35,74,42,99,26,39,77,173,53,38,15,24,4,23,53,15,44.51,66.67,42.42,47.3
